Time,I_s
0.0,0.0
1e-09,3.1427132500842433e-06
2e-09,6.2195986820202075e-06
3.0000000000000004e-09,9.231815863072583e-06
4e-09,1.218051404618158e-05
5e-09,1.5066832169961623e-05
6.000000000000001e-09,1.7891898858700492e-05
7.000000000000001e-09,2.0656832422360615e-05
8e-09,2.3362740856577337e-05
9.000000000000001e-09,2.6010721842661955e-05
1e-08,2.8601862747597382e-05
1.1000000000000001e-08,3.113724062404335e-05
1.2000000000000002e-08,3.3617922210331646e-05
1.3e-08,3.60449639304687e-05
1.4000000000000001e-08,3.8419411894134725e-05
1.5000000000000002e-08,4.0742301896684596e-05
1.6e-08,4.301465941914718e-05
1.7e-08,4.52374996282247e-05
1.8000000000000002e-08,4.741182737629402e-05
1.9e-08,4.9538637201405585e-05
2e-08,5.161891332728448e-05
2.1000000000000003e-08,5.365362966333002e-05
2.2000000000000002e-08,5.5643749804614416e-05
2.3e-08,5.759022703188455e-05
2.4000000000000003e-08,5.949400431156239e-05
2.5000000000000002e-08,6.135601429574215e-05
2.6e-08,6.317717932219314e-05
2.7e-08,6.49584114143589e-05
2.8000000000000003e-08,6.670061228135609e-05
2.9e-08,6.840467331797689e-05
3.0000000000000004e-08,7.007147560468508e-05
3.1e-08,7.170188990762239e-05
3.2e-08,7.329677667860016e-05
3.3000000000000004e-08,7.485698605510724e-05
3.4e-08,7.638335786030472e-05
3.5e-08,7.787672160302771e-05
3.6000000000000005e-08,7.933789647778682e-05
3.7e-08,8.076769136476473e-05
3.8e-08,8.216690482982028e-05
3.9000000000000005e-08,8.353632512448543e-05
4e-08,8.487673018596443e-05
4.1e-08,8.618888763713898e-05
4.2000000000000006e-08,8.747355478656241e-05
4.3e-08,8.873126289100962e-05
4.4000000000000004e-08,8.996204882242946e-05
4.5000000000000006e-08,9.116635881854123e-05
4.6e-08,9.234466245782239e-05
4.7000000000000004e-08,9.349742511468163e-05
4.8000000000000006e-08,9.462510795945722e-05
4.9e-08,9.572816795841888e-05
5.0000000000000004e-08,9.680705787376597e-05
5.1e-08,9.786222626362838e-05
5.2e-08,9.889411748206735e-05
5.3000000000000005e-08,9.990317167907323e-05
5.4e-08,0.00010088982480056775
5.5e-08,0.00010185450858840248
5.6000000000000005e-08,0.00010279765058035994
5.7e-08,0.00010371967411015295
5.8e-08,0.00010462099830742461
5.9000000000000006e-08,0.00010550203809774831
6.000000000000001e-08,0.00010636320420262838
6.1e-08,0.00010720490313949923
6.2e-08,0.00010802753722172567
6.300000000000001e-08,0.00010883150455860344
6.4e-08,0.00010961719905535814
6.5e-08,0.00011038501041314578
6.600000000000001e-08,0.00011113532412905351
6.7e-08,0.00011186852149609858
6.8e-08,0.00011258497960322795
6.900000000000001e-08,0.00011328507133532
7e-08,0.00011396916537318304
7.1e-08,0.00011463762619355643
7.200000000000001e-08,0.00011529081406910942
7.3e-08,0.00011592908506844119
7.4e-08,0.00011655279105608264
7.500000000000001e-08,0.00011716227969249407
7.6e-08,0.00011775789443406665
7.7e-08,0.00011833997453312235
7.800000000000001e-08,0.00011890885503791247
7.9e-08,0.00011946486679262016
8e-08,0.00012000833643735764
8.100000000000001e-08,0.00012053958640816846
8.2e-08,0.00012105893493702689
8.3e-08,0.00012156669605183638
8.400000000000001e-08,0.00012206317957643196
8.500000000000001e-08,0.00012254866077077723
8.6e-08,0.00012302318047635233
8.700000000000001e-08,0.0001234868897899319
8.800000000000001e-08,0.00012393997751504514
8.9e-08,0.00012438263086456347
9.000000000000001e-08,0.00012481503546070053
9.100000000000001e-08,0.00012523737533501182
9.2e-08,0.0001256498329283956
9.300000000000001e-08,0.00012605258909109164
9.400000000000001e-08,0.00012644582308268235
9.5e-08,0.00012682971257209222
9.600000000000001e-08,0.00012720443363758787
9.700000000000001e-08,0.000127570160766778
9.8e-08,0.00012792706685661368
9.9e-08,0.00012827532321338793
1.0000000000000001e-07,0.00012861509955273612
1.01e-07,0.00012894656399963574
1.02e-07,0.0001292698830884066
1.0300000000000001e-07,0.00012958522176271023
1.04e-07,0.0001298927433755509
1.05e-07,0.0001301926096892746
1.0600000000000001e-07,0.00013048498087557
1.07e-07,0.00013077001551546716
1.08e-07,0.00013104787059933917
1.0900000000000001e-07,0.0001313187015269008
1.1e-07,0.0001315826621072091
1.11e-07,0.00013183990455866324
1.1200000000000001e-07,0.00013209057950900487
1.13e-07,0.00013233483599531728
1.14e-07,0.00013257282146402624
1.1500000000000001e-07,0.0001328046817709
1.16e-07,0.00013303056118104835
1.17e-07,0.0001332506023689236
1.1800000000000001e-07,0.00013346494641832036
1.1900000000000001e-07,0.000133673732822375
1.2000000000000002e-07,0.00013387709948356656
1.21e-07,0.00013407518271371595
1.22e-07,0.00013426811723398627
1.23e-07,0.00013445603617488294
1.24e-07,0.00013463907107625318
1.2500000000000002e-07,0.00013481735188728712
1.2600000000000002e-07,0.00013499100696651634
1.27e-07,0.00013516016308181476
1.28e-07,0.00013532494540695293
1.29e-07,0.0001354853979952049
1.3e-07,0.00013564153436887173
1.31e-07,0.00013579342931199808
1.3200000000000002e-07,0.0001359411569980362
1.33e-07,0.00013608479098984583
1.34e-07,0.0001362244042396942
1.35e-07,0.00013636006908925624
1.36e-07,0.00013649185726961427
1.37e-07,0.0001366198399012581
1.3800000000000002e-07,0.00013674408749408528
1.3900000000000001e-07,0.0001368646699474007
1.4e-07,0.00013698165654991689
1.41e-07,0.00013709511597975382
1.42e-07,0.00013720511630443911
1.43e-07,0.00013731172498090787
1.4400000000000002e-07,0.00013741500885550273
1.4500000000000001e-07,0.00013751503416397384
1.46e-07,0.0001376118665314788
1.47e-07,0.00013770557097258305
1.48e-07,0.00013779621189125924
1.49e-07,0.00013788385308088772
1.5000000000000002e-07,0.00013796855772425635
1.5100000000000002e-07,0.00013805038839356042
1.52e-07,0.00013812940705040292
1.53e-07,0.0001382056750457943
1.54e-07,0.0001382792531201525
1.55e-07,0.00013835020140330297
1.5600000000000002e-07,0.00013841857941447892
1.5700000000000002e-07,0.0001384844460623209
1.58e-07,0.0001385478596448769
1.59e-07,0.0001386088778496027
1.6e-07,0.00013866755775336143
1.61e-07,0.00013872395582242386
1.6200000000000002e-07,0.00013877812791246818
1.6300000000000002e-07,0.0001388301292685803
1.64e-07,0.00013888001452525337
1.65e-07,0.00013892783770638845
1.66e-07,0.00013897365222529377
1.67e-07,0.00013901751088468537
1.6800000000000002e-07,0.00013905946587668665
1.6900000000000002e-07,0.0001390995687828287
1.7000000000000001e-07,0.0001391378705740499
1.71e-07,0.00013917442161069643
1.72e-07,0.00013920927158313646
1.73e-07,0.0001392424329508841
1.7400000000000002e-07,0.00013927391018023438
1.7500000000000002e-07,0.0001393037325530359
1.7600000000000001e-07,0.00013933192911549642
1.77e-07,0.00013935852867818312
1.78e-07,0.00013938355981602245
1.79e-07,0.0001394070508683001
1.8000000000000002e-07,0.0001394290299386611
1.8100000000000002e-07,0.00013944952489510984
1.8200000000000002e-07,0.00013946856337000994
1.83e-07,0.0001394861727600843
1.84e-07,0.0001395023802264152
1.85e-07,0.00013951721269444411
1.8600000000000002e-07,0.00013953069685397195
1.8700000000000002e-07,0.0001395428591591588
1.8800000000000002e-07,0.00013955372582852407
1.89e-07,0.00013956332284494651
1.9e-07,0.00013957167595566423
1.91e-07,0.0001395788106722744
1.9200000000000003e-07,0.00013958475227073382
1.9300000000000002e-07,0.00013958952579135828
1.9400000000000002e-07,0.0001395931560388231
1.95e-07,0.00013959566758216276
1.96e-07,0.00013959708475477108
1.97e-07,0.00013959743165440123
1.98e-07,0.00013959673214316562
1.9900000000000002e-07,0.00013959500984753596
2.0000000000000002e-07,0.00013959228815834328
2.01e-07,0.00013958859023077791
2.02e-07,0.00013958393898438946
2.03e-07,0.00013957835710308689
2.04e-07,0.00013957186703513838
2.0500000000000002e-07,0.00013956449099317147
2.0600000000000002e-07,0.00013955625095417296
2.0700000000000001e-07,0.000139547168659489
2.08e-07,0.000139537265614825
2.09e-07,0.00013952656309024566
2.1e-07,0.00013951508212017505
2.1100000000000002e-07,0.00013950284350339642
2.1200000000000002e-07,0.00013948986780305247
2.1300000000000001e-07,0.000139476175346645
2.14e-07,0.00013946178622603535
2.15e-07,0.000139446720297444
2.16e-07,0.00013943099718145068
2.1700000000000002e-07,0.0001394146273960523
2.1800000000000002e-07,0.0001393976083595515
2.1900000000000002e-07,0.00013937995106658288
2.2e-07,0.00013936166685434834
2.21e-07,0.0001393427669694285
2.22e-07,0.00013932326256778284
2.2300000000000002e-07,0.00013930316471474975
2.2400000000000002e-07,0.00013928248438504627
2.2500000000000002e-07,0.00013926123246276833
2.26e-07,0.00013923941974139077
2.27e-07,0.0001392170569237671
2.28e-07,0.00013919415462212962
2.2900000000000003e-07,0.00013917072335808964
2.3000000000000002e-07,0.00013914677356263714
2.3100000000000002e-07,0.0001391223155761409
2.32e-07,0.00013909735964834862
2.33e-07,0.00013907191593838668
2.34e-07,0.0001390459945147604
2.3500000000000003e-07,0.00013901960535535383
2.3600000000000002e-07,0.00013899275834742988
2.3700000000000002e-07,0.00013896546328763025
2.3800000000000001e-07,0.0001389377298819755
2.39e-07,0.00013890956774586488
2.4000000000000003e-07,0.00013888098640407664
2.41e-07,0.00013885199529076772
2.42e-07,0.00013882260374947392
2.43e-07,0.00013879282103310977
2.44e-07,0.00013876265630396873
2.4500000000000004e-07,0.00013873211863372304
2.46e-07,0.00013870121700342372
2.4700000000000003e-07,0.00013866996030350063
2.48e-07,0.00013863835733376242
2.49e-07,0.00013860641680339661
2.5000000000000004e-07,0.00013857414733096948
2.51e-07,0.00013854155744442618
2.5200000000000003e-07,0.00013850865558109058
2.53e-07,0.00013847545008766543
2.54e-07,0.0001384419492202323
2.55e-07,0.00013840816114425164
2.56e-07,0.0001383740939345625
2.5700000000000004e-07,0.00013833975557538299
2.58e-07,0.00013830515396030989
2.5900000000000003e-07,0.0001382702968923188
2.6e-07,0.00013823519208376418
2.61e-07,0.00013819984654588223
2.62e-07,0.00013816425947688193
2.63e-07,0.00013812843333650684
2.6400000000000003e-07,0.00013809237251693676
2.65e-07,0.00013805608137630208
2.66e-07,0.0001380195642386839
2.67e-07,0.00013798282539411399
2.68e-07,0.0001379458690985747
2.6900000000000004e-07,0.0001379086995739991
2.7e-07,0.0001378713210082709
2.7100000000000003e-07,0.00013783373755522443
2.72e-07,0.00013779595333464475
2.73e-07,0.00013775797243226746
2.74e-07,0.00013771979889977892
2.75e-07,0.00013768143675481605
2.7600000000000004e-07,0.00013764288998096652
2.77e-07,0.00013760416252776858
2.7800000000000003e-07,0.00013756525831071115
2.79e-07,0.00013752618121123386
2.8e-07,0.0001374869350767269
2.8100000000000004e-07,0.00013744752372053118
2.82e-07,0.00013740795092193823
2.8300000000000003e-07,0.00013736822042619026
2.84e-07,0.0001373283359444801
2.85e-07,0.00013728830115395125
2.86e-07,0.0001372481196976979
2.87e-07,0.00013720779518476488
2.8800000000000004e-07,0.0001371673311901476
2.89e-07,0.00013712673125479215
2.9000000000000003e-07,0.00013708599888559542
2.91e-07,0.00013704513755540473
2.92e-07,0.00013700415070301818
2.9300000000000004e-07,0.0001369630417331845
2.94e-07,0.0001369218140166031
2.9500000000000003e-07,0.000136880470889924
2.96e-07,0.00013683901565574795
2.97e-07,0.0001367974515826262
2.98e-07,0.00013675578190506076
2.99e-07,0.0001367140098235044
3.0000000000000004e-07,0.00013667213850436025
3.01e-07,0.0001366301710799824
3.0200000000000003e-07,0.00013658811064867543
3.03e-07,0.0001365459602746946
3.04e-07,0.00013650372298824583
3.0500000000000004e-07,0.00013646140178548568
3.06e-07,0.0001364189992909023
3.0700000000000004e-07,0.0001363765150015017
3.08e-07,0.00013633394994266577
3.0900000000000003e-07,0.00013629130577230063
3.1e-07,0.00013624858413629256
3.11e-07,0.00013620578666850792
3.1200000000000004e-07,0.0001361629149907933
3.13e-07,0.00013611997071297542
3.1400000000000003e-07,0.00013607695543286106
3.15e-07,0.00013603387073623727
3.16e-07,0.00013599071819687117
3.1700000000000005e-07,0.00013594749937651006
3.18e-07,0.0001359042158248814
3.1900000000000004e-07,0.00013586086907969275
3.2e-07,0.00013581746066663187
3.2100000000000003e-07,0.00013577399209936658
3.22e-07,0.00013573046487954494
3.23e-07,0.00013568688049679517
3.2400000000000004e-07,0.00013564324042872553
3.25e-07,0.00013559954614092453
3.2600000000000003e-07,0.00013555579908696076
3.27e-07,0.00013551200070838302
3.28e-07,0.00013546815243472017
3.29e-07,0.00013542425568348131
3.3e-07,0.00013538031186015564
3.3100000000000004e-07,0.00013533632235821253
3.32e-07,0.00013529228855910146
3.3300000000000003e-07,0.0001352482118322521
3.34e-07,0.0001352040935350742
3.35e-07,0.00013515993501295775
3.3600000000000004e-07,0.00013511573759927283
3.37e-07,0.0001350715026153697
3.3800000000000004e-07,0.0001350272313705787
3.39e-07,0.00013498292516221042
3.4000000000000003e-07,0.00013493858527555548
3.41e-07,0.00013489421298388477
3.42e-07,0.00013484980954844923
3.4300000000000004e-07,0.00013480537621847997
3.44e-07,0.00013476091423118833
3.4500000000000003e-07,0.00013471642481176566
3.46e-07,0.00013467190917338352
3.47e-07,0.00013462736851719369
3.4800000000000005e-07,0.00013458280403232797
3.49e-07,0.00013453821689589842
3.5000000000000004e-07,0.00013449360827299714
3.51e-07,0.0001344489793166965
3.5200000000000003e-07,0.00013440433105455565
3.53e-07,0.00013435966324083906
3.54e-07,0.00013431497618120772
3.5500000000000004e-07,0.00013427027046993044
3.56e-07,0.0001342255466976779
3.5700000000000003e-07,0.00013418080545152226
3.58e-07,0.00013413604731493735
3.59e-07,0.00013409127286779862
3.6000000000000005e-07,0.00013404648268638326
3.61e-07,0.00013400167734336997
3.6200000000000004e-07,0.00013395685740783913
3.63e-07,0.00013391202344527282
3.6400000000000003e-07,0.00013386717601755464
3.65e-07,0.00013382231568296994
3.66e-07,0.00013377744299620565
3.6700000000000004e-07,0.00013373255850835037
3.68e-07,0.00013368766276689425
3.6900000000000004e-07,0.00013364275631572918
3.7e-07,0.00013359783969514865
3.7100000000000003e-07,0.0001335529134418478
3.7200000000000005e-07,0.00013350797808892335
3.73e-07,0.00013346303416587375
3.7400000000000004e-07,0.000133418082198599
3.75e-07,0.00013337312270940077
3.7600000000000003e-07,0.00013332815621698246
3.77e-07,0.0001332831832364489
3.78e-07,0.00013323820427930675
3.7900000000000005e-07,0.00013319321985346425
3.8e-07,0.0001331482304632312
3.8100000000000004e-07,0.0001331032366093191
3.82e-07,0.00013305823878884118
3.8300000000000003e-07,0.00013301323749531212
3.8400000000000005e-07,0.00013296823321864838
3.85e-07,0.000132923226445168
3.8600000000000004e-07,0.00013287821765759064
3.87e-07,0.00013283320733503765
3.8800000000000003e-07,0.000132788195953032
3.89e-07,0.00013274318398349828
3.9e-07,0.00013269817189476272
3.9100000000000005e-07,0.00013265316015155317
3.92e-07,0.0001326081492149992
3.9300000000000004e-07,0.0001325631395426319
3.94e-07,0.00013251813158838413
3.9500000000000003e-07,0.00013247312580259022
3.96e-07,0.0001324281226319863
3.97e-07,0.00013238312251971003
3.9800000000000004e-07,0.00013233812590530077
3.99e-07,0.00013229313322469946
4.0000000000000003e-07,0.00013224814491024877
4.01e-07,0.00013220316105269406
4.02e-07,0.00013215818150196686
4.0300000000000005e-07,0.0001321132064449895
4.04e-07,0.00013206823606936688
4.0500000000000004e-07,0.00013202327056209418
4.06e-07,0.00013197831010955705
4.0700000000000003e-07,0.0001319333548975315
4.08e-07,0.00013188840511118392
4.09e-07,0.00013184346093507112
4.1000000000000004e-07,0.0001317985225531403
4.11e-07,0.00013175359014872904
4.1200000000000004e-07,0.0001317086639045653
4.13e-07,0.00013166374400276748
4.1400000000000003e-07,0.0001316188306248443
4.1500000000000005e-07,0.00013157392395169497
4.16e-07,0.000131529024163609
4.1700000000000004e-07,0.00013148413144026635
4.18e-07,0.00013143924596073733
4.1900000000000003e-07,0.00013139436790348267
4.2e-07,0.0001313494974463535
4.21e-07,0.00013130463476659132
4.2200000000000005e-07,0.00013125978004082807
4.23e-07,0.00013121493344508598
4.2400000000000004e-07,0.00013117009515477778
4.25e-07,0.00013112526534470655
4.2600000000000003e-07,0.00013108044418906574
4.2700000000000005e-07,0.00013103563186143922
4.28e-07,0.0001309908285348013
4.2900000000000004e-07,0.00013094603438151654
4.3e-07,0.00013090124957334005
4.3100000000000003e-07,0.00013085647428141728
4.32e-07,0.00013081170867628396
4.33e-07,0.00013076695292786643
4.3400000000000005e-07,0.0001307222072054812
4.35e-07,0.00013067747167783538
4.3600000000000004e-07,0.00013063274651302627
4.37e-07,0.00013058803187854175
4.3800000000000003e-07,0.0001305433279412599
4.3900000000000005e-07,0.0001304986348674494
4.4e-07,0.00013045395282276914
4.4100000000000004e-07,0.00013040928197226854
4.42e-07,0.0001303646224803873
4.4300000000000004e-07,0.00013031997451095563
4.44e-07,0.00013027533822719398
4.4500000000000003e-07,0.00013023071379171338
4.4600000000000005e-07,0.0001301861013665151
4.47e-07,0.00013014150111299085
4.4800000000000004e-07,0.00013009691319192278
4.49e-07,0.00013005233776348333
4.5000000000000003e-07,0.00013000777498723543
4.51e-07,0.00012996322502213239
4.52e-07,0.00012991868802651784
4.5300000000000005e-07,0.0001298741641581259
4.54e-07,0.00012982965343083747
4.5500000000000004e-07,0.00012978515569216927
4.56e-07,0.00012974067098087607
4.5700000000000003e-07,0.00012969619933957046
4.5800000000000005e-07,0.00012965174081107825
4.59e-07,0.00012960729543843853
4.6000000000000004e-07,0.00012956286326490358
4.61e-07,0.000129518444333939
4.6200000000000003e-07,0.0001294740386892235
4.63e-07,0.00012942964637464922
4.64e-07,0.00012938526743432141
4.6500000000000005e-07,0.00012934090191255856
4.66e-07,0.0001292965498538924
4.6700000000000004e-07,0.00012925221130306798
4.68e-07,0.00012920788630504354
4.6900000000000003e-07,0.00012916357490499049
4.7000000000000005e-07,0.00012911927714829365
4.71e-07,0.00012907499308055092
4.7200000000000004e-07,0.00012903072274757352
4.73e-07,0.00012898646619538589
4.7400000000000004e-07,0.00012894222347022572
4.75e-07,0.00012889799461854393
4.7600000000000003e-07,0.0001288537796870047
4.77e-07,0.00012880957872248543
4.78e-07,0.00012876539177207673
4.79e-07,0.00012872121888308257
4.800000000000001e-07,0.00012867706010302003
4.81e-07,0.00012863291547961946
4.82e-07,0.00012858878506082454
4.830000000000001e-07,0.00012854466889479203
4.84e-07,0.00012850056702989212
4.85e-07,0.0001284564795147081
4.86e-07,0.00012841240639803654
4.870000000000001e-07,0.00012836834772888728
4.88e-07,0.00012832430355648336
4.89e-07,0.00012828027393026108
4.900000000000001e-07,0.00012823625889987
4.91e-07,0.00012819225851517282
4.92e-07,0.00012814827282624567
4.93e-07,0.00012810430188337776
4.940000000000001e-07,0.00012806034573707164
4.95e-07,0.00012801640443804295
4.96e-07,0.00012797247803722077
4.970000000000001e-07,0.0001279285665857473
4.98e-07,0.000127884670134978
4.99e-07,0.00012784078873648159
5.000000000000001e-07,0.00012779692244204002
5.01e-07,0.00012775307130364846
5.02e-07,0.00012770923537351535
5.03e-07,0.00012766541470406236
5.040000000000001e-07,0.0001276216093479244
5.05e-07,0.00012757781935794965
5.06e-07,0.00012753404478719948
5.070000000000001e-07,0.0001274902856889485
5.08e-07,0.00012744654211668466
5.09e-07,0.000127402814124109
5.1e-07,0.00012735910176513596
5.110000000000001e-07,0.00012731540509389305
5.12e-07,0.00012727172416472117
5.13e-07,0.00012722805903217437
5.140000000000001e-07,0.00012718440975102
5.15e-07,0.00012714077628250966
5.16e-07,0.00012709715849944128
5.17e-07,0.00012705355639868726
5.180000000000001e-07,0.0001270099699791425
5.19e-07,0.00012696639923996585
5.2e-07,0.00012692284418058016
5.210000000000001e-07,0.00012687930480067213
5.22e-07,0.00012683578110019242
5.23e-07,0.00012679227307935563
5.24e-07,0.00012674878073864026
5.250000000000001e-07,0.00012670530407878877
5.26e-07,0.00012666184310080756
5.27e-07,0.0001266183978059669
5.280000000000001e-07,0.00012657496819580108
5.29e-07,0.00012653155427210826
5.3e-07,0.00012648815603695052
5.310000000000001e-07,0.00012644477349265388
5.32e-07,0.00012640140664180839
5.33e-07,0.00012635805548726788
5.34e-07,0.00012631472003215018
5.350000000000001e-07,0.00012627140027983704
5.36e-07,0.00012622809623397417
5.37e-07,0.0001261848078984712
5.380000000000001e-07,0.00012614153527750166
5.39e-07,0.000126098278375503
5.4e-07,0.0001260550371971767
5.41e-07,0.00012601181174748809
5.420000000000001e-07,0.0001259686020316664
5.43e-07,0.00012592540805520484
5.44e-07,0.00012588222982386053
5.450000000000001e-07,0.00012583906734365462
5.46e-07,0.000125795920620872
5.47e-07,0.00012575278966206165
5.48e-07,0.00012570967447403643
5.490000000000001e-07,0.00012566657506387312
5.5e-07,0.00012562349143891243
5.51e-07,0.000125580423606759
5.520000000000001e-07,0.00012553737157528145
5.53e-07,0.00012549433535261222
5.54e-07,0.0001254513149471478
5.550000000000001e-07,0.00012540831036754859
5.560000000000001e-07,0.0001253653216227388
5.57e-07,0.00012532234872190677
5.58e-07,0.0001252793916745046
5.590000000000001e-07,0.00012523645049024838
5.6e-07,0.00012519352517911814
5.61e-07,0.00012515061575135787
5.620000000000001e-07,0.00012510772221747542
5.63e-07,0.00012506484458824264
5.64e-07,0.00012502198287469524
5.65e-07,0.00012497913708813292
5.660000000000001e-07,0.00012493630724011928
5.67e-07,0.00012489349334248188
5.68e-07,0.00012485069540731216
5.690000000000001e-07,0.00012480791344696553
5.7e-07,0.00012476514747406135
5.71e-07,0.00012472239750148284
5.72e-07,0.00012467966354237723
5.730000000000001e-07,0.0001246369456101556
5.74e-07,0.00012459424371849307
5.75e-07,0.00012455155788132857
5.760000000000001e-07,0.00012450888811286502
5.77e-07,0.00012446623442756929
5.78e-07,0.00012442359684017217
5.79e-07,0.0001243809753656683
5.800000000000001e-07,0.0001243383700193164
5.81e-07,0.00012429578081663898
5.82e-07,0.00012425320777342258
5.830000000000001e-07,0.0001242106509057176
5.84e-07,0.0001241681102298384
5.85e-07,0.0001241255857623633
5.860000000000001e-07,0.00012408307752013453
5.870000000000001e-07,0.00012404058552025824
5.88e-07,0.0001239981097443949
5.89e-07,0.00012395565007632922
5.900000000000001e-07,0.00012391320649709494
5.91e-07,0.00012387077899734538
5.92e-07,0.0001238283675678772
5.930000000000001e-07,0.00012378597219963051
5.94e-07,0.00012374359288368873
5.95e-07,0.00012370122961127873
5.96e-07,0.00012365888237377074
5.970000000000001e-07,0.0001236165511626784
5.98e-07,0.0001235742359696587
5.99e-07,0.00012353193678651204
6.000000000000001e-07,0.0001234896536051822
6.01e-07,0.0001234473864177563
6.02e-07,0.00012340513521646497
6.03e-07,0.00012336289999368203
6.040000000000001e-07,0.00012332068074192494
6.05e-07,0.00012327847745385428
6.06e-07,0.00012323629012227422
6.070000000000001e-07,0.00012319411874013223
6.08e-07,0.00012315196330051913
6.09e-07,0.00012310982379666922
6.100000000000001e-07,0.00012306770022196015
6.110000000000001e-07,0.00012302559256991287
6.12e-07,0.00012298350083419184
6.13e-07,0.00012294142500860483
6.140000000000001e-07,0.00012289936508710306
6.15e-07,0.00012285732106378106
6.16e-07,0.00012281529293287676
6.170000000000001e-07,0.00012277328068877155
6.180000000000001e-07,0.0001227312843259901
6.19e-07,0.0001226893038392006
6.2e-07,0.00012264733922321447
6.210000000000001e-07,0.00012260539047298657
6.22e-07,0.00012256345758361527
6.23e-07,0.00012252154055034212
6.240000000000001e-07,0.0001224796393685522
6.25e-07,0.00012243775403377396
6.26e-07,0.00012239588454167918
6.27e-07,0.00012235403088808303
6.280000000000001e-07,0.00012231219306894415
6.29e-07,0.00012227037108036447
6.3e-07,0.00012222856491858933
6.310000000000001e-07,0.00012218677458000751
6.32e-07,0.00012214500006115113
6.33e-07,0.00012210324135869568
6.340000000000001e-07,0.00012206149846946004
6.350000000000001e-07,0.00012201977139040652
6.36e-07,0.00012197806011864078
6.37e-07,0.00012193636465141191
6.380000000000001e-07,0.00012189468498611227
6.39e-07,0.00012185302112027775
6.4e-07,0.00012181137305158758
6.410000000000001e-07,0.00012176974077786428
6.420000000000001e-07,0.0001217281242970739
6.43e-07,0.00012168652360732578
6.44e-07,0.00012164493870687269
6.450000000000001e-07,0.00012160336959411074
6.46e-07,0.00012156181626757949
6.47e-07,0.00012152027872596185
6.480000000000001e-07,0.00012147875696808409
6.490000000000001e-07,0.00012143725099291591
6.5e-07,0.0001213957607995704
6.51e-07,0.000121354286387304
6.520000000000001e-07,0.00012131282775551655
6.53e-07,0.0001212713849037513
6.54e-07,0.00012122995783169483
6.550000000000001e-07,0.00012118854653917715
6.56e-07,0.00012114715102617165
6.57e-07,0.0001211057712927951
6.58e-07,0.00012106440733930766
6.590000000000001e-07,0.00012102305916611287
6.6e-07,0.00012098172677375766
6.61e-07,0.00012094041016293234
6.620000000000001e-07,0.00012089910933447062
6.63e-07,0.00012085782428934957
6.64e-07,0.00012081655502868969
6.650000000000001e-07,0.00012077530155375482
6.660000000000001e-07,0.0001207340638659522
6.67e-07,0.00012069284196683247
6.68e-07,0.00012065163585808963
6.690000000000001e-07,0.00012061044554156111
6.7e-07,0.00012056927101922765
6.71e-07,0.00012052811229321347
6.720000000000001e-07,0.00012048696936578611
6.730000000000001e-07,0.00012044584223935653
6.74e-07,0.00012040473091647903
6.75e-07,0.00012036363539985135
6.760000000000001e-07,0.0001203225556923146
6.77e-07,0.00012028149179685324
6.78e-07,0.00012024044371659516
6.790000000000001e-07,0.00012019941145481163
6.800000000000001e-07,0.0001201583949671452
6.81e-07,0.00012011739418703417
6.82e-07,0.00012007640910559014
6.830000000000001e-07,0.0001200354397142461
6.84e-07,0.00011999448600449288
6.85e-07,0.00011995354796787917
6.860000000000001e-07,0.00011991262559601152
6.87e-07,0.0001198717188805543
6.88e-07,0.00011983082781322979
6.890000000000001e-07,0.00011978995238581802
6.900000000000001e-07,0.00011974909259015699
6.91e-07,0.00011970824841814243
6.92e-07,0.00011966741986172806
6.930000000000001e-07,0.0001196266069129253
6.94e-07,0.00011958580956380354
6.95e-07,0.00011954502780648996
6.960000000000001e-07,0.00011950426163316961
6.970000000000001e-07,0.00011946351103608539
6.98e-07,0.00011942277600753804
6.99e-07,0.00011938205653988617
7.000000000000001e-07,0.0001193413526255462
7.01e-07,0.00011930066425699247
7.02e-07,0.0001192599914267571
7.030000000000001e-07,0.00011921933412743011
7.040000000000001e-07,0.00011917869235165934
7.05e-07,0.00011913806609215051
7.06e-07,0.00011909745534166714
7.070000000000001e-07,0.00011905686009303066
7.08e-07,0.00011901628033912033
7.09e-07,0.00011897571607287322
7.100000000000001e-07,0.00011893516728728434
7.110000000000001e-07,0.00011889463397540645
7.12e-07,0.00011885411613035022
7.13e-07,0.00011881361374528418
7.140000000000001e-07,0.00011877312681343467
7.15e-07,0.0001187326553280859
7.16e-07,0.00011869219928257993
7.170000000000001e-07,0.00011865175867031669
7.18e-07,0.00011861133348475392
7.19e-07,0.00011857092371940724
7.200000000000001e-07,0.0001185305293678501
7.210000000000001e-07,0.00011849015042371385
7.22e-07,0.00011844978688068762
7.23e-07,0.00011840943873251845
7.240000000000001e-07,0.00011836910597301119
7.25e-07,0.00011832878859602856
7.26e-07,0.00011828848659549113
7.270000000000001e-07,0.00011824819996537733
7.280000000000001e-07,0.00011820792869972341
7.29e-07,0.00011816767279262349
7.3e-07,0.00011812743223822957
7.310000000000001e-07,0.00011808720703075144
7.32e-07,0.00011804699716445679
7.33e-07,0.00011800680263367112
7.340000000000001e-07,0.00011796662343277783
7.350000000000001e-07,0.00011792645955621813
7.36e-07,0.00011788631099849112
7.37e-07,0.0001178461777541537
7.380000000000001e-07,0.00011780605981782065
7.39e-07,0.0001177659571841646
7.4e-07,0.00011772586984791603
7.410000000000001e-07,0.00011768579780386327
7.420000000000001e-07,0.00011764574104685248
7.43e-07,0.00011760569957178773
7.440000000000001e-07,0.00011756567337363087
7.450000000000001e-07,0.00011752566244740165
7.46e-07,0.00011748566678817763
7.47e-07,0.00011744568639109427
7.480000000000001e-07,0.00011740572125134481
7.49e-07,0.00011736577136418044
7.5e-07,0.00011732583672491013
7.510000000000001e-07,0.00011728591732890069
7.520000000000001e-07,0.00011724601317157682
7.53e-07,0.00011720612424842108
7.54e-07,0.00011716625055497383
7.550000000000001e-07,0.00011712639208683331
7.56e-07,0.00011708654883965563
7.57e-07,0.0001170467208091547
7.580000000000001e-07,0.00011700690799110236
7.590000000000001e-07,0.0001169671103813282
7.6e-07,0.00011692732797571976
7.61e-07,0.00011688756077022234
7.620000000000001e-07,0.00011684780876083916
7.63e-07,0.00011680807194363124
7.64e-07,0.00011676835031471752
7.650000000000001e-07,0.0001167286438702747
7.660000000000001e-07,0.00011668895260653741
7.67e-07,0.00011664927651979808
7.680000000000001e-07,0.000116609615606407
7.690000000000001e-07,0.00011656996986277236
7.7e-07,0.00011653033928536011
7.71e-07,0.00011649072387069413
7.720000000000001e-07,0.00011645112361535612
7.73e-07,0.00011641153851598562
7.74e-07,0.00011637196856928005
7.750000000000001e-07,0.00011633241377199466
7.760000000000001e-07,0.00011629287412094253
7.77e-07,0.00011625334961299464
7.78e-07,0.0001162138402450798
7.790000000000001e-07,0.00011617434601418465
7.8e-07,0.0001161348669173537
7.81e-07,0.0001160954029516893
7.820000000000001e-07,0.00011605595411435169
7.830000000000001e-07,0.0001160165204025589
7.84e-07,0.00011597710181358685
7.85e-07,0.00011593769834476931
7.860000000000001e-07,0.00011589830999349787
7.87e-07,0.000115858936757222
7.88e-07,0.00011581957863344903
7.890000000000001e-07,0.00011578023561974411
7.900000000000001e-07,0.00011574090771373026
7.91e-07,0.00011570159491308834
7.92e-07,0.00011566229721555708
7.930000000000001e-07,0.000115623014618933
7.94e-07,0.00011558374712107058
7.95e-07,0.00011554449471988206
7.960000000000001e-07,0.00011550525741333755
7.970000000000001e-07,0.00011546603519946503
7.98e-07,0.00011542682807635033
7.990000000000001e-07,0.00011538763604213712
8.000000000000001e-07,0.00011534845908350703
8.01e-07,0.00011530929716317332
8.02e-07,0.00011527015027121118
8.030000000000001e-07,0.00011523101839959479
8.04e-07,0.00011519190154033363
8.05e-07,0.00011515279968547241
8.060000000000001e-07,0.00011511371282709114
8.070000000000001e-07,0.0001150746409573051
8.08e-07,0.00011503558406826482
8.09e-07,0.00011499654215215614
8.100000000000001e-07,0.00011495751520120012
8.11e-07,0.00011491850320765316
8.12e-07,0.0001148795061638069
8.130000000000001e-07,0.00011484052406198821
8.140000000000001e-07,0.00011480155689455933
8.15e-07,0.00011476260465391767
8.16e-07,0.00011472366733249598
8.170000000000001e-07,0.00011468474492276224
8.18e-07,0.00011464583741721977
8.19e-07,0.00011460694480840708
8.200000000000001e-07,0.00011456806708889799
8.210000000000001e-07,0.00011452920425130161
8.22e-07,0.0001144903562882623
8.230000000000001e-07,0.0001144515231924597
8.240000000000001e-07,0.00011441270495660871
8.25e-07,0.00011437390157345954
8.26e-07,0.0001143351130357976
8.270000000000001e-07,0.00011429633933644366
8.280000000000001e-07,0.0001142575804682537
8.29e-07,0.00011421883642411902
8.300000000000001e-07,0.00011418010719696613
8.310000000000001e-07,0.00011414139277975687
8.32e-07,0.00011410269316548835
8.33e-07,0.0001140640083471929
8.340000000000001e-07,0.00011402533831793818
8.35e-07,0.00011398668307082712
8.36e-07,0.00011394804259899786
8.370000000000001e-07,0.00011390941689562387
8.380000000000001e-07,0.0001138708059539139
8.39e-07,0.00011383220976711194
8.4e-07,0.00011379362832849725
8.410000000000001e-07,0.00011375506163138439
8.42e-07,0.00011371650966912318
8.43e-07,0.00011367797243509873
8.440000000000001e-07,0.00011363944992273138
8.450000000000001e-07,0.00011360094212547676
8.46e-07,0.00011356244903682581
8.47e-07,0.0001135239706503047
8.480000000000001e-07,0.00011348550695947489
8.49e-07,0.00011344705795793309
8.5e-07,0.00011340862363931133
8.510000000000001e-07,0.00011337020399727687
8.520000000000001e-07,0.00011333179902553227
8.53e-07,0.0001132934087178153
8.540000000000001e-07,0.00011325503306789913
8.550000000000001e-07,0.00011321667206959207
8.56e-07,0.0001131783257167378
8.57e-07,0.00011313999400321518
8.580000000000001e-07,0.00011310167692293841
8.590000000000001e-07,0.00011306337446985698
8.6e-07,0.00011302508663795558
8.610000000000001e-07,0.00011298681342125423
8.620000000000001e-07,0.0001129485548138082
8.63e-07,0.00011291031080970804
8.64e-07,0.00011287208140307956
8.650000000000001e-07,0.00011283386658808387
8.66e-07,0.00011279566635891731
8.67e-07,0.00011275748070981156
8.680000000000001e-07,0.00011271930963503348
8.690000000000001e-07,0.00011268115312888529
8.7e-07,0.00011264301118570443
8.71e-07,0.00011260488379986364
8.720000000000001e-07,0.0001125667709657709
8.73e-07,0.0001125286726778695
8.74e-07,0.000112490588930638
8.750000000000001e-07,0.0001124525197185902
8.760000000000001e-07,0.0001124144650362752
8.77e-07,0.00011237642487827735
8.780000000000001e-07,0.00011233839923921632
8.790000000000001e-07,0.000112300388113747
8.8e-07,0.00011226239149655957
8.81e-07,0.00011222440938237949
8.820000000000001e-07,0.00011218644176596749
8.830000000000001e-07,0.00011214848864211958
8.84e-07,0.00011211055000566702
8.850000000000001e-07,0.00011207262585147636
8.860000000000001e-07,0.00011203471617444943
8.87e-07,0.00011199682096952332
8.88e-07,0.0001119589402316704
8.890000000000001e-07,0.00011192107395589828
8.900000000000001e-07,0.00011188322213724989
8.91e-07,0.00011184538477080342
8.920000000000001e-07,0.00011180756185167232
8.930000000000001e-07,0.00011176975337500532
8.94e-07,0.00011173195933598641
8.95e-07,0.00011169417972983489
8.960000000000001e-07,0.00011165641455180528
8.97e-07,0.00011161866379718741
8.98e-07,0.00011158092746130639
8.990000000000001e-07,0.00011154320553952256
9.000000000000001e-07,0.00011150549802723155
9.01e-07,0.00011146780491986432
9.02e-07,0.00011143012621288699
9.030000000000001e-07,0.00011139246190180106
9.04e-07,0.00011135481198214324
9.05e-07,0.00011131717644948555
9.060000000000001e-07,0.00011127955529943525
9.070000000000001e-07,0.00011124194852763487
9.08e-07,0.00011120435612976226
9.090000000000001e-07,0.0001111667781015305
9.100000000000001e-07,0.00011112921443868796
9.11e-07,0.00011109166513701827
9.12e-07,0.00011105413019234035
9.130000000000001e-07,0.00011101660960050836
9.140000000000001e-07,0.00011097910335741179
9.15e-07,0.00011094161145897535
9.160000000000001e-07,0.00011090413390115903
9.170000000000001e-07,0.00011086667067995814
9.18e-07,0.00011082922179140317
9.19e-07,0.00011079178723156001
9.200000000000001e-07,0.00011075436699652971
9.210000000000001e-07,0.00011071696108244863
9.22e-07,0.00011067956948548843
9.230000000000001e-07,0.00011064219220185601
9.240000000000001e-07,0.00011060482922779354
9.25e-07,0.00011056748055957851
9.26e-07,0.00011053014619352362
9.270000000000001e-07,0.00011049282612597688
9.28e-07,0.00011045552035332156
9.29e-07,0.00011041822887197622
9.300000000000001e-07,0.00011038095167839466
9.310000000000001e-07,0.00011034368876906599
9.32e-07,0.00011030644014051458
9.330000000000001e-07,0.00011026920578930003
9.340000000000001e-07,0.0001102319857120173
9.35e-07,0.00011019477990529654
9.36e-07,0.0001101575883658032
9.370000000000001e-07,0.00011012041109023805
9.380000000000001e-07,0.00011008324807533704
9.39e-07,0.0001100460993178715
9.400000000000001e-07,0.00011000896481464791
9.410000000000001e-07,0.00010997184456250815
9.42e-07,0.00010993473855832929
9.43e-07,0.00010989764679902369
9.440000000000001e-07,0.000109860569281539
9.450000000000001e-07,0.00010982350600285811
9.46e-07,0.00010978645695999923
9.470000000000001e-07,0.00010974942215001577
9.480000000000001e-07,0.00010971240156999652
9.49e-07,0.00010967539521706544
9.5e-07,0.00010963840308838182
9.510000000000001e-07,0.0001096014251811402
9.520000000000001e-07,0.00010956446149257038
9.53e-07,0.0001095275120199375
9.54e-07,0.00010949057676054188
9.55e-07,0.00010945365571171921
9.56e-07,0.00010941674887084034
9.570000000000001e-07,0.00010937985623531148
9.58e-07,0.0001093429778025741
9.59e-07,0.0001093061135701049
9.600000000000001e-07,0.00010926926353541589
9.61e-07,0.00010923242769605438
9.62e-07,0.00010919560604960286
9.630000000000001e-07,0.00010915879859413918
9.64e-07,0.0001091220053273696
9.65e-07,0.00010908522624018741
9.660000000000002e-07,0.0001090484613227137
9.67e-07,0.00010901171056512961
9.68e-07,0.00010897497395767625
9.69e-07,0.00010893825149065475
9.7e-07,0.00010890154315442634
9.71e-07,0.00010886484893941218
9.72e-07,0.00010882816883609353
9.73e-07,0.00010879150283501163
9.740000000000001e-07,0.00010875485092676775
9.75e-07,0.00010871821310202321
9.76e-07,0.00010868158935149932
9.770000000000001e-07,0.00010864497966597745
9.78e-07,0.00010860838403629895
9.79e-07,0.00010857180245336525
9.800000000000001e-07,0.00010853523490813773
9.81e-07,0.00010849868139163786
9.82e-07,0.00010846214189494712
9.830000000000002e-07,0.00010842561640920698
9.84e-07,0.00010838910492561898
9.85e-07,0.00010835260743544467
9.86e-07,0.0001083161239300056
9.87e-07,0.00010827965440068338
9.880000000000001e-07,0.00010824319883891961
9.89e-07,0.00010820675723621594
9.9e-07,0.00010817032958413402
9.910000000000001e-07,0.00010813391587429554
9.92e-07,0.00010809751609838226
9.93e-07,0.00010806113024813585
9.940000000000001e-07,0.00010802475831535812
9.95e-07,0.00010798840029191083
9.96e-07,0.00010795205616971582
9.970000000000002e-07,0.00010791572594075488
9.98e-07,0.00010787940959706991
9.99e-07,0.00010784310713076277
1.0000000000000002e-06,0.00010780681853399538
1.001e-06,0.00010777054379898968
1.002e-06,0.0001077342829180276
1.003e-06,0.00010769803588345113
1.004e-06,0.00010766180268766227
1.0050000000000001e-06,0.00010762558332312305
1.006e-06,0.00010758937778235556
1.007e-06,0.0001075531860579418
1.0080000000000001e-06,0.00010751700814252395
1.009e-06,0.00010748084402880408
1.01e-06,0.00010744469370954437
1.0110000000000001e-06,0.00010740855717756698
1.012e-06,0.00010737243442575412
1.013e-06,0.00010733632544704799
1.0140000000000002e-06,0.00010730023023445085
1.015e-06,0.000107264148781025
1.016e-06,0.00010722808107989267
1.017e-06,0.00010719202712423626
1.018e-06,0.00010715598690729803
1.0190000000000001e-06,0.0001071199604223804
1.02e-06,0.00010708394766284576
1.021e-06,0.0001070479486221165
1.0220000000000001e-06,0.00010701196329367507
1.023e-06,0.00010697599167106395
1.024e-06,0.00010694003374788563
1.0250000000000001e-06,0.0001069040895178026
1.026e-06,0.00010686815897453741
1.027e-06,0.00010683224211187262
1.0280000000000002e-06,0.00010679633892365081
1.029e-06,0.00010676044940377461
1.03e-06,0.00010672457354620664
1.0310000000000002e-06,0.00010668871134496955
1.032e-06,0.00010665286279414605
1.033e-06,0.00010661702788787881
1.034e-06,0.0001065812066203706
1.035e-06,0.00010654539898588413
1.0360000000000001e-06,0.00010650960497874221
1.037e-06,0.00010647382459332766
1.038e-06,0.00010643805782408328
1.0390000000000001e-06,0.00010640230466551191
1.04e-06,0.00010636656511217647
1.041e-06,0.00010633083915869981
1.0420000000000001e-06,0.0001062951267997649
1.043e-06,0.00010625942803011468
1.044e-06,0.00010622374284455208
1.0450000000000002e-06,0.00010618807123794016
1.046e-06,0.0001061524132052019
1.047e-06,0.00010611676874132037
1.048e-06,0.00010608113784133863
1.049e-06,0.00010604552050035976
1.0500000000000001e-06,0.00010600991671354692
1.051e-06,0.00010597432647612321
1.052e-06,0.00010593874978337181
1.0530000000000001e-06,0.0001059031866306359
1.054e-06,0.00010586763701331874
1.055e-06,0.00010583210092688354
1.0560000000000001e-06,0.00010579657836685356
1.057e-06,0.00010576106932881208
1.058e-06,0.00010572557380840244
1.0590000000000002e-06,0.00010569009180132796
1.06e-06,0.00010565462330335201
1.061e-06,0.00010561916831029797
1.0620000000000002e-06,0.00010558372681804924
1.063e-06,0.00010554829882254928
1.064e-06,0.00010551288431980152
1.065e-06,0.00010547748330586945
1.066e-06,0.00010544209577687658
1.0670000000000001e-06,0.00010540672172900645
1.068e-06,0.00010537136115850259
1.069e-06,0.00010533601406166861
1.0700000000000001e-06,0.00010530068043486809
1.071e-06,0.00010526536027452467
1.072e-06,0.000105230053577122
1.0730000000000001e-06,0.00010519476033920374
1.074e-06,0.00010515948055737363
1.075e-06,0.00010512421422829535
1.0760000000000002e-06,0.00010508896134869266
1.077e-06,0.00010505372191534937
1.078e-06,0.00010501849592510922
1.0790000000000002e-06,0.00010498328337487608
1.08e-06,0.00010494808426161376
1.0810000000000001e-06,0.00010491289858234615
1.082e-06,0.00010487772633415715
1.083e-06,0.00010484256751419064
1.0840000000000001e-06,0.00010480742211965062
1.085e-06,0.00010477229014780101
1.086e-06,0.00010473717159596583
1.0870000000000001e-06,0.00010470206646152907
1.088e-06,0.0001046669747419348
1.089e-06,0.00010463189643468706
1.0900000000000002e-06,0.00010459683153734995
1.091e-06,0.00010456178004754757
1.092e-06,0.00010452674196296407
1.0930000000000002e-06,0.00010449171728134359
1.094e-06,0.00010445670600049035
1.095e-06,0.00010442170811826853
1.096e-06,0.00010438672363260237
1.097e-06,0.00010435175254147613
1.0980000000000001e-06,0.0001043167948429341
1.099e-06,0.00010428185053508057
1.1e-06,0.00010424691961607986
1.1010000000000001e-06,0.00010421200208415637
1.102e-06,0.00010417709793759445
1.103e-06,0.0001041422071747385
1.1040000000000001e-06,0.00010410732979399295
1.105e-06,0.00010407246579382226
1.106e-06,0.0001040376151727509
1.1070000000000002e-06,0.00010400277792936335
1.108e-06,0.00010396795406230416
1.109e-06,0.0001039331435702779
1.1100000000000002e-06,0.00010389834645204907
1.111e-06,0.00010386356270644235
1.1120000000000001e-06,0.0001038287923323423
1.113e-06,0.00010379403532869359
1.114e-06,0.00010375929169450089
1.1150000000000001e-06,0.00010372456142882888
1.116e-06,0.00010368984453080231
1.117e-06,0.00010365514099960588
1.1180000000000001e-06,0.0001036204508344844
1.119e-06,0.00010358577403474262
1.12e-06,0.00010355111059974537
1.1210000000000002e-06,0.00010351646052891751
1.122e-06,0.00010348182382174388
1.123e-06,0.00010344720047776938
1.1240000000000002e-06,0.0001034125904965989
1.125e-06,0.0001033779938778974
1.126e-06,0.00010334341062138983
1.127e-06,0.00010330884072686118
1.128e-06,0.00010327428419415645
1.1290000000000001e-06,0.00010323974102318068
1.13e-06,0.00010320521121389894
1.131e-06,0.00010317069476633628
1.1320000000000001e-06,0.00010313619168057782
1.133e-06,0.0001031017019567687
1.134e-06,0.00010306722559511405
1.1350000000000001e-06,0.00010303276259587909
1.136e-06,0.00010299831295938899
1.137e-06,0.00010296387668602899
1.1380000000000002e-06,0.00010292945377624431
1.139e-06,0.00010289504423054026
1.14e-06,0.00010286064804948215
1.1410000000000002e-06,0.00010282626523369526
1.142e-06,0.00010279189578386498
1.1430000000000001e-06,0.00010275753970073666
1.144e-06,0.00010272319693181066
1.145e-06,0.00010268886740191255
1.1460000000000001e-06,0.00010265455109990478
1.147e-06,0.00010262024801500146
1.148e-06,0.00010258595813650976
1.1490000000000001e-06,0.00010255168145382998
1.15e-06,0.00010251741795645549
1.151e-06,0.00010248316763397277
1.1520000000000002e-06,0.00010244893047606141
1.153e-06,0.00010241470647249404
1.154e-06,0.00010238049561313645
1.1550000000000002e-06,0.00010234629788794749
1.156e-06,0.00010231211328697911
1.157e-06,0.00010227794180037637
1.158e-06,0.0001022437834183774
1.159e-06,0.00010220963813131345
1.1600000000000001e-06,0.00010217550592960887
1.161e-06,0.00010214138680378106
1.162e-06,0.00010210728074444057
1.1630000000000001e-06,0.00010207318774229103
1.164e-06,0.00010203910778812915
1.165e-06,0.00010200504087284472
1.1660000000000001e-06,0.00010197098698742068
1.167e-06,0.00010193694612293306
1.168e-06,0.00010190291827055091
1.1690000000000002e-06,0.00010186890342153645
1.17e-06,0.00010183490156724499
1.171e-06,0.00010180091269912488
1.1720000000000002e-06,0.00010176693680871765
1.173e-06,0.00010173297388765785
1.1740000000000001e-06,0.00010169902392767317
1.175e-06,0.00010166508692058437
1.176e-06,0.00010163116285830532
1.1770000000000001e-06,0.000101597251732843
1.178e-06,0.00010156335353629744
1.179e-06,0.00010152946826086182
1.1800000000000001e-06,0.00010149559589882237
1.181e-06,0.00010146173644255848
1.182e-06,0.00010142788988454252
1.1830000000000002e-06,0.00010139405621734007
1.184e-06,0.00010136023543360977
1.185e-06,0.00010132642752610334
1.1860000000000002e-06,0.0001012926324876656
1.187e-06,0.00010125885031123445
1.188e-06,0.00010122508098984095
1.1890000000000002e-06,0.00010119132451660918
1.19e-06,0.00010115758088475637
1.1910000000000001e-06,0.00010112385008759278
1.192e-06,0.00010109013211852186
1.193e-06,0.00010105642697104007
1.1940000000000001e-06,0.00010102273463873702
1.195e-06,0.00010098905511529539
1.196e-06,0.00010095538839449092
1.1970000000000001e-06,0.00010092173447019256
1.198e-06,0.00010088809333636223
1.199e-06,0.00010085446498705501
1.2000000000000002e-06,0.00010082084941641908
1.201e-06,0.00010078724661869569
1.202e-06,0.00010075365658821918
1.2030000000000002e-06,0.00010072007931941701
1.204e-06,0.00010068651480680975
1.2050000000000001e-06,0.000100652963045011
1.206e-06,0.00010061942402872754
1.207e-06,0.00010058589775275918
1.2080000000000001e-06,0.00010055238421199884
1.209e-06,0.00010051888340143256
1.21e-06,0.00010048539531613947
1.2110000000000001e-06,0.00010045191995129176
1.212e-06,0.00010041845730215478
1.213e-06,0.00010038500736408689
1.2140000000000002e-06,0.00010035157013253961
1.215e-06,0.00010031814560305758
1.216e-06,0.00010028473377127844
1.2170000000000002e-06,0.000100251334632933
1.218e-06,0.00010021794818384515
1.219e-06,0.00010018457441993187
1.2200000000000002e-06,0.00010015121333720325
1.221e-06,0.00010011786493176245
1.2220000000000001e-06,0.00010008452919980572
1.223e-06,0.00010005120613762246
1.224e-06,0.0001000178957415951
1.2250000000000001e-06,9.99845980081992e-05
1.226e-06,9.995131293400344e-05
1.227e-06,9.991804051566954e-05
1.2280000000000001e-06,9.988478074995235e-05
1.229e-06,9.985153363369983e-05
1.23e-06,9.981829916385298e-05
1.2310000000000002e-06,9.978507733744593e-05
1.232e-06,9.975186815160594e-05
1.233e-06,9.97186716035533e-05
1.2340000000000002e-06,9.968548769060144e-05
1.235e-06,9.965231641015687e-05
1.2360000000000001e-06,9.96191577597192e-05
1.237e-06,9.958601173688113e-05
1.238e-06,9.955287833932845e-05
1.2390000000000001e-06,9.951975756484008e-05
1.24e-06,9.9486649411288e-05
1.241e-06,9.945355387663729e-05
1.2420000000000001e-06,9.942047095894614e-05
1.243e-06,9.938740065636582e-05
1.244e-06,9.93543429671407e-05
1.2450000000000002e-06,9.932129788960828e-05
1.246e-06,9.92882654221991e-05
1.247e-06,9.925524556343682e-05
1.2480000000000002e-06,9.92222383119382e-05
1.249e-06,9.918924366641308e-05
1.25e-06,9.915626162566445e-05
1.2510000000000002e-06,9.91232921885883e-05
1.252e-06,9.909033535417381e-05
1.2530000000000001e-06,9.905739112150318e-05
1.254e-06,9.902445948975178e-05
1.255e-06,9.8991540458188e-05
1.2560000000000001e-06,9.89586340261734e-05
1.257e-06,9.892574019316255e-05
1.258e-06,9.889285895870318e-05
1.2590000000000001e-06,9.885999032243613e-05
1.26e-06,9.882713428409529e-05
1.261e-06,9.879429084350763e-05
1.2620000000000002e-06,9.876146000059328e-05
1.263e-06,9.872864175536541e-05
1.264e-06,9.869583610793032e-05
1.2650000000000002e-06,9.86630430584874e-05
1.266e-06,9.863026260732911e-05
1.2670000000000001e-06,9.859749475484104e-05
1.2680000000000002e-06,9.856473950150184e-05
1.269e-06,9.85319968478833e-05
1.2700000000000001e-06,9.849926679465026e-05
1.271e-06,9.84665493425607e-05
1.272e-06,9.843384449246566e-05
1.2730000000000001e-06,9.840115224530928e-05
1.274e-06,9.836847260212882e-05
1.275e-06,9.83358055640546e-05
