Peak Timestamp,Event Timestamp
1.3572000000000002e-05,1.3375000000000002e-05
3.7713e-05,3.7515e-05
7.3497e-05,7.3299e-05
7.822700000000001e-05,7.803000000000001e-05
9.7594e-05,9.7396e-05
0.000101638,0.000101458
0.00010962100000000001,0.00010944700000000001
0.00010975500000000001,0.000109692
0.00011977400000000001,0.000119599
0.000147245,0.000147047
0.00016026,0.000160061
0.000168496,0.0001683
0.00017840500000000002,0.00017821500000000001
0.000179092,0.000178958
0.00026695,0.000266753
0.000278353,0.000278154
0.000310971,0.00031077300000000003
0.00031572699999999997,0.000315529
0.000316278,0.000316146
0.00032472400000000003,0.000324554
0.000361866,0.00036166800000000005
0.00040524100000000003,0.000405044
0.000489768,0.0004895710000000001
0.000503518,0.000503319
0.000508565,0.00050838
0.000542991,0.0005427930000000001
0.000571801,0.0005716030000000001
0.000598347,0.0005981490000000001
0.00061112,0.000598399
0.0006132290000000001,0.0006109210000000001
0.000655958,0.0006130570000000001
0.000678072,0.00065576
0.000721631,0.0006778740000000001
0.0007762,0.0007214340000000001
0.0007770040000000001,0.000776003
0.0007817160000000001,0.000776933
0.0007936610000000001,0.0007815280000000001
0.000805969,0.000793466
0.0008131190000000001,0.00080577
0.000816162,0.0008129400000000001
0.000820201,0.00081601
0.0008280910000000001,0.000820059
0.000900385,0.0008279390000000001
0.0009090350000000001,0.000900188
0.000916166,0.0009088360000000001
0.0009210280000000001,0.0009159810000000001
0.000924282,0.0009208650000000001
0.0009280600000000001,0.000924138
0.000958652,0.0009279240000000001
0.0009611110000000001,0.0009584530000000001
0.000977747,0.0009609330000000001
,0.000977548
,0.000990676
